{
  "metadata": {
    "description": "Conjunto de estudantes sintéticos gerados para validação do SINKT",
    "version": "1.0.0",
    "created_at": "2025-12-16T15:52:58.909781",
    "num_students": 100,
    "generation_seed": 42,
    "individual_variation": 0.15,
    "profile_distribution": {
      "balanced": 0.3,
      "quick_learner": 0.2,
      "careful": 0.2,
      "struggling": 0.1,
      "logical": 0.1,
      "intuitive": 0.1
    }
  },
  "students": [
    {
      "id": "student_0000",
      "profile_id": "balanced",
      "profile_name": "Estudante Equilibrado",
      "mastery_init_level": 0.5293,
      "learn_rate": 0.0397,
      "slip": 0.1604,
      "guess": 0.1544,
      "logic_skill": 0.4932,
      "reading_skill": 0.4932,
      "tech_familiarity": 0.4771,
      "memory_capacity": 0.6104,
      "learning_consistency": 0.6182
    },
    {
      "id": "student_0001",
      "profile_id": "balanced",
      "profile_name": "Estudante Equilibrado",
      "mastery_init_level": 0.5843,
      "learn_rate": 0.03,
      "slip": 0.1711,
      "guess": 0.165,
      "logic_skill": 0.5025,
      "reading_skill": 0.4975,
      "tech_familiarity": 0.4978,
      "memory_capacity": 0.5177,
      "learning_consistency": 0.6045
    },
    {
      "id": "student_0002",
      "profile_id": "balanced",
      "profile_name": "Estudante Equilibrado",
      "mastery_init_level": 0.5388,
      "learn_rate": 0.0328,
      "slip": 0.155,
      "guess": 0.1338,
      "logic_skill": 0.5157,
      "reading_skill": 0.5279,
      "tech_familiarity": 0.5428,
      "memory_capacity": 0.5971,
      "learning_consistency": 0.5459
    },
    {
      "id": "student_0003",
      "profile_id": "balanced",
      "profile_name": "Estudante Equilibrado",
      "mastery_init_level": 0.5523,
      "learn_rate": 0.036,
      "slip": 0.1296,
      "guess": 0.1548,
      "logic_skill": 0.4956,
      "reading_skill": 0.4782,
      "tech_familiarity": 0.6241,
      "memory_capacity": 0.6268,
      "learning_consistency": 0.6555
    },
    {
      "id": "student_0004",
      "profile_id": "balanced",
      "profile_name": "Estudante Equilibrado",
      "mastery_init_level": 0.5178,
      "learn_rate": 0.0308,
      "slip": 0.1583,
      "guess": 0.1473,
      "logic_skill": 0.4876,
      "reading_skill": 0.5492,
      "tech_familiarity": 0.4732,
      "memory_capacity": 0.6175,
      "learning_consistency": 0.5566
    },
    {
      "id": "student_0005",
      "profile_id": "balanced",
      "profile_name": "Estudante Equilibrado",
      "mastery_init_level": 0.5768,
      "learn_rate": 0.033,
      "slip": 0.1509,
      "guess": 0.1521,
      "logic_skill": 0.498,
      "reading_skill": 0.6275,
      "tech_familiarity": 0.5954,
      "memory_capacity": 0.6225,
      "learning_consistency": 0.6711
    },
    {
      "id": "student_0006",
      "profile_id": "balanced",
      "profile_name": "Estudante Equilibrado",
      "mastery_init_level": 0.5662,
      "learn_rate": 0.0394,
      "slip": 0.1315,
      "guess": 0.1363,
      "logic_skill": 0.475,
      "reading_skill": 0.5212,
      "tech_familiarity": 0.5316,
      "memory_capacity": 0.5123,
      "learning_consistency": 0.6592
    },
    {
      "id": "student_0007",
      "profile_id": "balanced",
      "profile_name": "Estudante Equilibrado",
      "mastery_init_level": 0.5264,
      "learn_rate": 0.0327,
      "slip": 0.1519,
      "guess": 0.1338,
      "logic_skill": 0.5999,
      "reading_skill": 0.4798,
      "tech_familiarity": 0.6303,
      "memory_capacity": 0.5949,
      "learning_consistency": 0.5458
    },
    {
      "id": "student_0008",
      "profile_id": "balanced",
      "profile_name": "Estudante Equilibrado",
      "mastery_init_level": 0.4684,
      "learn_rate": 0.0383,
      "slip": 0.1593,
      "guess": 0.1603,
      "logic_skill": 0.5948,
      "reading_skill": 0.4797,
      "tech_familiarity": 0.5266,
      "memory_capacity": 0.4866,
      "learning_consistency": 0.6654
    },
    {
      "id": "student_0009",
      "profile_id": "balanced",
      "profile_name": "Estudante Equilibrado",
      "mastery_init_level": 0.5703,
      "learn_rate": 0.0332,
      "slip": 0.1304,
      "guess": 0.1415,
      "logic_skill": 0.5212,
      "reading_skill": 0.5879,
      "tech_familiarity": 0.5727,
      "memory_capacity": 0.6139,
      "learning_consistency": 0.595
    },
    {
      "id": "student_0010",
      "profile_id": "balanced",
      "profile_name": "Estudante Equilibrado",
      "mastery_init_level": 0.4872,
      "learn_rate": 0.0372,
      "slip": 0.1617,
      "guess": 0.1528,
      "logic_skill": 0.5947,
      "reading_skill": 0.549,
      "tech_familiarity": 0.5538,
      "memory_capacity": 0.538,
      "learning_consistency": 0.5146
    },
    {
      "id": "student_0011",
      "profile_id": "balanced",
      "profile_name": "Estudante Equilibrado",
      "mastery_init_level": 0.4853,
      "learn_rate": 0.0301,
      "slip": 0.1561,
      "guess": 0.1416,
      "logic_skill": 0.5514,
      "reading_skill": 0.6172,
      "tech_familiarity": 0.5086,
      "memory_capacity": 0.5352,
      "learning_consistency": 0.646
    },
    {
      "id": "student_0012",
      "profile_id": "balanced",
      "profile_name": "Estudante Equilibrado",
      "mastery_init_level": 0.5053,
      "learn_rate": 0.0306,
      "slip": 0.1405,
      "guess": 0.1348,
      "logic_skill": 0.6209,
      "reading_skill": 0.6008,
      "tech_familiarity": 0.572,
      "memory_capacity": 0.6113,
      "learning_consistency": 0.6547
    },
    {
      "id": "student_0013",
      "profile_id": "balanced",
      "profile_name": "Estudante Equilibrado",
      "mastery_init_level": 0.4983,
      "learn_rate": 0.0391,
      "slip": 0.1518,
      "guess": 0.1638,
      "logic_skill": 0.6154,
      "reading_skill": 0.52,
      "tech_familiarity": 0.4857,
      "memory_capacity": 0.5051,
      "learning_consistency": 0.5869
    },
    {
      "id": "student_0014",
      "profile_id": "balanced",
      "profile_name": "Estudante Equilibrado",
      "mastery_init_level": 0.6025,
      "learn_rate": 0.0388,
      "slip": 0.1278,
      "guess": 0.1505,
      "logic_skill": 0.5364,
      "reading_skill": 0.5041,
      "tech_familiarity": 0.4873,
      "memory_capacity": 0.5232,
      "learning_consistency": 0.6797
    },
    {
      "id": "student_0015",
      "profile_id": "balanced",
      "profile_name": "Estudante Equilibrado",
      "mastery_init_level": 0.5208,
      "learn_rate": 0.0352,
      "slip": 0.1591,
      "guess": 0.1439,
      "logic_skill": 0.6278,
      "reading_skill": 0.6263,
      "tech_familiarity": 0.509,
      "memory_capacity": 0.5495,
      "learning_consistency": 0.5642
    },
    {
      "id": "student_0016",
      "profile_id": "balanced",
      "profile_name": "Estudante Equilibrado",
      "mastery_init_level": 0.5145,
      "learn_rate": 0.0301,
      "slip": 0.1549,
      "guess": 0.1501,
      "logic_skill": 0.476,
      "reading_skill": 0.5135,
      "tech_familiarity": 0.6174,
      "memory_capacity": 0.507,
      "learning_consistency": 0.5361
    },
    {
      "id": "student_0017",
      "profile_id": "balanced",
      "profile_name": "Estudante Equilibrado",
      "mastery_init_level": 0.5483,
      "learn_rate": 0.0401,
      "slip": 0.1384,
      "guess": 0.1577,
      "logic_skill": 0.5932,
      "reading_skill": 0.5067,
      "tech_familiarity": 0.5877,
      "memory_capacity": 0.5282,
      "learning_consistency": 0.6238
    },
    {
      "id": "student_0018",
      "profile_id": "balanced",
      "profile_name": "Estudante Equilibrado",
      "mastery_init_level": 0.572,
      "learn_rate": 0.0354,
      "slip": 0.1316,
      "guess": 0.1651,
      "logic_skill": 0.5204,
      "reading_skill": 0.4983,
      "tech_familiarity": 0.4742,
      "memory_capacity": 0.565,
      "learning_consistency": 0.632
    },
    {
      "id": "student_0019",
      "profile_id": "balanced",
      "profile_name": "Estudante Equilibrado",
      "mastery_init_level": 0.4702,
      "learn_rate": 0.0351,
      "slip": 0.1377,
      "guess": 0.1565,
      "logic_skill": 0.4963,
      "reading_skill": 0.5815,
      "tech_familiarity": 0.5313,
      "memory_capacity": 0.6221,
      "learning_consistency": 0.5348
    },
    {
      "id": "student_0020",
      "profile_id": "balanced",
      "profile_name": "Estudante Equilibrado",
      "mastery_init_level": 0.5238,
      "learn_rate": 0.0309,
      "slip": 0.1691,
      "guess": 0.167,
      "logic_skill": 0.5101,
      "reading_skill": 0.5764,
      "tech_familiarity": 0.6023,
      "memory_capacity": 0.5591,
      "learning_consistency": 0.6053
    },
    {
      "id": "student_0021",
      "profile_id": "balanced",
      "profile_name": "Estudante Equilibrado",
      "mastery_init_level": 0.5074,
      "learn_rate": 0.0307,
      "slip": 0.1679,
      "guess": 0.168,
      "logic_skill": 0.572,
      "reading_skill": 0.5234,
      "tech_familiarity": 0.5251,
      "memory_capacity": 0.5873,
      "learning_consistency": 0.6715
    },
    {
      "id": "student_0022",
      "profile_id": "balanced",
      "profile_name": "Estudante Equilibrado",
      "mastery_init_level": 0.6139,
      "learn_rate": 0.0379,
      "slip": 0.1564,
      "guess": 0.1313,
      "logic_skill": 0.4942,
      "reading_skill": 0.6158,
      "tech_familiarity": 0.5676,
      "memory_capacity": 0.469,
      "learning_consistency": 0.5283
    },
    {
      "id": "student_0023",
      "profile_id": "balanced",
      "profile_name": "Estudante Equilibrado",
      "mastery_init_level": 0.577,
      "learn_rate": 0.0298,
      "slip": 0.1347,
      "guess": 0.1522,
      "logic_skill": 0.5817,
      "reading_skill": 0.5751,
      "tech_familiarity": 0.5045,
      "memory_capacity": 0.585,
      "learning_consistency": 0.5527
    },
    {
      "id": "student_0024",
      "profile_id": "balanced",
      "profile_name": "Estudante Equilibrado",
      "mastery_init_level": 0.5212,
      "learn_rate": 0.0376,
      "slip": 0.1567,
      "guess": 0.1657,
      "logic_skill": 0.576,
      "reading_skill": 0.5613,
      "tech_familiarity": 0.483,
      "memory_capacity": 0.5282,
      "learning_consistency": 0.5577
    },
    {
      "id": "student_0025",
      "profile_id": "balanced",
      "profile_name": "Estudante Equilibrado",
      "mastery_init_level": 0.5078,
      "learn_rate": 0.04,
      "slip": 0.1452,
      "guess": 0.1676,
      "logic_skill": 0.5716,
      "reading_skill": 0.5986,
      "tech_familiarity": 0.5504,
      "memory_capacity": 0.5627,
      "learning_consistency": 0.5987
    },
    {
      "id": "student_0026",
      "profile_id": "balanced",
      "profile_name": "Estudante Equilibrado",
      "mastery_init_level": 0.4997,
      "learn_rate": 0.0373,
      "slip": 0.1401,
      "guess": 0.1286,
      "logic_skill": 0.574,
      "reading_skill": 0.4967,
      "tech_familiarity": 0.6227,
      "memory_capacity": 0.6249,
      "learning_consistency": 0.6747
    },
    {
      "id": "student_0027",
      "profile_id": "balanced",
      "profile_name": "Estudante Equilibrado",
      "mastery_init_level": 0.5286,
      "learn_rate": 0.0299,
      "slip": 0.1693,
      "guess": 0.1468,
      "logic_skill": 0.627,
      "reading_skill": 0.6265,
      "tech_familiarity": 0.6082,
      "memory_capacity": 0.5161,
      "learning_consistency": 0.5793
    },
    {
      "id": "student_0028",
      "profile_id": "balanced",
      "profile_name": "Estudante Equilibrado",
      "mastery_init_level": 0.6079,
      "learn_rate": 0.0331,
      "slip": 0.1351,
      "guess": 0.1526,
      "logic_skill": 0.622,
      "reading_skill": 0.5823,
      "tech_familiarity": 0.5616,
      "memory_capacity": 0.4835,
      "learning_consistency": 0.6207
    },
    {
      "id": "student_0029",
      "profile_id": "balanced",
      "profile_name": "Estudante Equilibrado",
      "mastery_init_level": 0.6309,
      "learn_rate": 0.0312,
      "slip": 0.1508,
      "guess": 0.167,
      "logic_skill": 0.5897,
      "reading_skill": 0.5825,
      "tech_familiarity": 0.5834,
      "memory_capacity": 0.5268,
      "learning_consistency": 0.5628
    },
    {
      "id": "student_0030",
      "profile_id": "quick_learner",
      "profile_name": "Aprendiz Rápido",
      "mastery_init_level": 0.5464,
      "learn_rate": 0.0874,
      "slip": 0.1998,
      "guess": 0.1349,
      "logic_skill": 0.7024,
      "reading_skill": 0.6503,
      "tech_familiarity": 0.8716,
      "memory_capacity": 0.836,
      "learning_consistency": 0.9015
    },
    {
      "id": "student_0031",
      "profile_id": "quick_learner",
      "profile_name": "Aprendiz Rápido",
      "mastery_init_level": 0.5444,
      "learn_rate": 0.0894,
      "slip": 0.1713,
      "guess": 0.1155,
      "logic_skill": 0.6147,
      "reading_skill": 0.6653,
      "tech_familiarity": 0.6886,
      "memory_capacity": 0.7917,
      "learning_consistency": 0.8609
    },
    {
      "id": "student_0032",
      "profile_id": "quick_learner",
      "profile_name": "Aprendiz Rápido",
      "mastery_init_level": 0.468,
      "learn_rate": 0.0822,
      "slip": 0.1546,
      "guess": 0.1033,
      "logic_skill": 0.7677,
      "reading_skill": 0.6227,
      "tech_familiarity": 0.7105,
      "memory_capacity": 0.8053,
      "learning_consistency": 0.9188
    },
    {
      "id": "student_0033",
      "profile_id": "quick_learner",
      "profile_name": "Aprendiz Rápido",
      "mastery_init_level": 0.4574,
      "learn_rate": 0.0829,
      "slip": 0.1576,
      "guess": 0.1039,
      "logic_skill": 0.7066,
      "reading_skill": 0.6579,
      "tech_familiarity": 0.833,
      "memory_capacity": 0.8543,
      "learning_consistency": 0.9713
    },
    {
      "id": "student_0034",
      "profile_id": "quick_learner",
      "profile_name": "Aprendiz Rápido",
      "mastery_init_level": 0.5024,
      "learn_rate": 0.0758,
      "slip": 0.1959,
      "guess": 0.1117,
      "logic_skill": 0.6872,
      "reading_skill": 0.5678,
      "tech_familiarity": 0.6861,
      "memory_capacity": 0.911,
      "learning_consistency": 0.9357
    },
    {
      "id": "student_0035",
      "profile_id": "quick_learner",
      "profile_name": "Aprendiz Rápido",
      "mastery_init_level": 0.5294,
      "learn_rate": 0.0778,
      "slip": 0.1624,
      "guess": 0.1076,
      "logic_skill": 0.6476,
      "reading_skill": 0.6596,
      "tech_familiarity": 0.8515,
      "memory_capacity": 0.8384,
      "learning_consistency": 0.7939
    },
    {
      "id": "student_0036",
      "profile_id": "quick_learner",
      "profile_name": "Aprendiz Rápido",
      "mastery_init_level": 0.5682,
      "learn_rate": 0.0857,
      "slip": 0.1829,
      "guess": 0.124,
      "logic_skill": 0.6831,
      "reading_skill": 0.6008,
      "tech_familiarity": 0.7654,
      "memory_capacity": 0.8619,
      "learning_consistency": 0.7262
    },
    {
      "id": "student_0037",
      "profile_id": "quick_learner",
      "profile_name": "Aprendiz Rápido",
      "mastery_init_level": 0.4424,
      "learn_rate": 0.0691,
      "slip": 0.1552,
      "guess": 0.1328,
      "logic_skill": 0.7428,
      "reading_skill": 0.645,
      "tech_familiarity": 0.7035,
      "memory_capacity": 0.798,
      "learning_consistency": 0.8432
    },
    {
      "id": "student_0038",
      "profile_id": "quick_learner",
      "profile_name": "Aprendiz Rápido",
      "mastery_init_level": 0.451,
      "learn_rate": 0.0784,
      "slip": 0.1745,
      "guess": 0.1242,
      "logic_skill": 0.7284,
      "reading_skill": 0.5613,
      "tech_familiarity": 0.7699,
      "memory_capacity": 0.8302,
      "learning_consistency": 0.8508
    },
    {
      "id": "student_0039",
      "profile_id": "quick_learner",
      "profile_name": "Aprendiz Rápido",
      "mastery_init_level": 0.5535,
      "learn_rate": 0.0838,
      "slip": 0.1618,
      "guess": 0.1045,
      "logic_skill": 0.7299,
      "reading_skill": 0.5577,
      "tech_familiarity": 0.8206,
      "memory_capacity": 0.9057,
      "learning_consistency": 0.8692
    },
    {
      "id": "student_0040",
      "profile_id": "quick_learner",
      "profile_name": "Aprendiz Rápido",
      "mastery_init_level": 0.4832,
      "learn_rate": 0.0834,
      "slip": 0.1777,
      "guess": 0.1216,
      "logic_skill": 0.7927,
      "reading_skill": 0.6278,
      "tech_familiarity": 0.9107,
      "memory_capacity": 0.8973,
      "learning_consistency": 0.7724
    },
    {
      "id": "student_0041",
      "profile_id": "quick_learner",
      "profile_name": "Aprendiz Rápido",
      "mastery_init_level": 0.4354,
      "learn_rate": 0.0704,
      "slip": 0.154,
      "guess": 0.1054,
      "logic_skill": 0.7384,
      "reading_skill": 0.5664,
      "tech_familiarity": 0.7566,
      "memory_capacity": 0.8828,
      "learning_consistency": 0.7284
    },
    {
      "id": "student_0042",
      "profile_id": "quick_learner",
      "profile_name": "Aprendiz Rápido",
      "mastery_init_level": 0.5472,
      "learn_rate": 0.0748,
      "slip": 0.1594,
      "guess": 0.1271,
      "logic_skill": 0.7271,
      "reading_skill": 0.7236,
      "tech_familiarity": 0.8564,
      "memory_capacity": 0.8728,
      "learning_consistency": 0.7944
    },
    {
      "id": "student_0043",
      "profile_id": "quick_learner",
      "profile_name": "Aprendiz Rápido",
      "mastery_init_level": 0.4516,
      "learn_rate": 0.086,
      "slip": 0.1966,
      "guess": 0.1377,
      "logic_skill": 0.6816,
      "reading_skill": 0.625,
      "tech_familiarity": 0.8663,
      "memory_capacity": 0.7618,
      "learning_consistency": 0.9598
    },
    {
      "id": "student_0044",
      "profile_id": "quick_learner",
      "profile_name": "Aprendiz Rápido",
      "mastery_init_level": 0.5538,
      "learn_rate": 0.0783,
      "slip": 0.1935,
      "guess": 0.1292,
      "logic_skill": 0.6167,
      "reading_skill": 0.7285,
      "tech_familiarity": 0.8013,
      "memory_capacity": 0.8783,
      "learning_consistency": 0.8041
    },
    {
      "id": "student_0045",
      "profile_id": "quick_learner",
      "profile_name": "Aprendiz Rápido",
      "mastery_init_level": 0.5593,
      "learn_rate": 0.0773,
      "slip": 0.1536,
      "guess": 0.1346,
      "logic_skill": 0.6142,
      "reading_skill": 0.6148,
      "tech_familiarity": 0.908,
      "memory_capacity": 0.9081,
      "learning_consistency": 0.8687
    },
    {
      "id": "student_0046",
      "profile_id": "quick_learner",
      "profile_name": "Aprendiz Rápido",
      "mastery_init_level": 0.5198,
      "learn_rate": 0.0788,
      "slip": 0.1688,
      "guess": 0.1138,
      "logic_skill": 0.7362,
      "reading_skill": 0.6992,
      "tech_familiarity": 0.87,
      "memory_capacity": 0.8695,
      "learning_consistency": 0.7458
    },
    {
      "id": "student_0047",
      "profile_id": "quick_learner",
      "profile_name": "Aprendiz Rápido",
      "mastery_init_level": 0.4992,
      "learn_rate": 0.0694,
      "slip": 0.1827,
      "guess": 0.1179,
      "logic_skill": 0.7814,
      "reading_skill": 0.6209,
      "tech_familiarity": 0.7081,
      "memory_capacity": 0.7143,
      "learning_consistency": 0.9167
    },
    {
      "id": "student_0048",
      "profile_id": "quick_learner",
      "profile_name": "Aprendiz Rápido",
      "mastery_init_level": 0.5177,
      "learn_rate": 0.0704,
      "slip": 0.1575,
      "guess": 0.1272,
      "logic_skill": 0.6103,
      "reading_skill": 0.7128,
      "tech_familiarity": 0.8495,
      "memory_capacity": 0.6995,
      "learning_consistency": 0.7441
    },
    {
      "id": "student_0049",
      "profile_id": "quick_learner",
      "profile_name": "Aprendiz Rápido",
      "mastery_init_level": 0.573,
      "learn_rate": 0.077,
      "slip": 0.173,
      "guess": 0.1313,
      "logic_skill": 0.7939,
      "reading_skill": 0.7448,
      "tech_familiarity": 0.8608,
      "memory_capacity": 0.7703,
      "learning_consistency": 0.7438
    },
    {
      "id": "student_0050",
      "profile_id": "careful",
      "profile_name": "Estudante Cuidadoso",
      "mastery_init_level": 0.4874,
      "learn_rate": 0.0254,
      "slip": 0.0782,
      "guess": 0.1122,
      "logic_skill": 0.53,
      "reading_skill": 0.6985,
      "tech_familiarity": 0.4267,
      "memory_capacity": 0.6934,
      "learning_consistency": 0.7802
    },
    {
      "id": "student_0051",
      "profile_id": "careful",
      "profile_name": "Estudante Cuidadoso",
      "mastery_init_level": 0.3985,
      "learn_rate": 0.0221,
      "slip": 0.0836,
      "guess": 0.1074,
      "logic_skill": 0.615,
      "reading_skill": 0.7971,
      "tech_familiarity": 0.4812,
      "memory_capacity": 0.655,
      "learning_consistency": 0.9995
    },
    {
      "id": "student_0052",
      "profile_id": "careful",
      "profile_name": "Estudante Cuidadoso",
      "mastery_init_level": 0.4127,
      "learn_rate": 0.0285,
      "slip": 0.0683,
      "guess": 0.1141,
      "logic_skill": 0.5178,
      "reading_skill": 0.7821,
      "tech_familiarity": 0.5042,
      "memory_capacity": 0.8035,
      "learning_consistency": 0.7849
    },
    {
      "id": "student_0053",
      "profile_id": "careful",
      "profile_name": "Estudante Cuidadoso",
      "mastery_init_level": 0.4573,
      "learn_rate": 0.0285,
      "slip": 0.0806,
      "guess": 0.1039,
      "logic_skill": 0.6352,
      "reading_skill": 0.6905,
      "tech_familiarity": 0.5191,
      "memory_capacity": 0.7177,
      "learning_consistency": 1.0
    },
    {
      "id": "student_0054",
      "profile_id": "careful",
      "profile_name": "Estudante Cuidadoso",
      "mastery_init_level": 0.3886,
      "learn_rate": 0.0234,
      "slip": 0.0908,
      "guess": 0.1117,
      "logic_skill": 0.592,
      "reading_skill": 0.7252,
      "tech_familiarity": 0.4666,
      "memory_capacity": 0.6345,
      "learning_consistency": 0.8902
    },
    {
      "id": "student_0055",
      "profile_id": "careful",
      "profile_name": "Estudante Cuidadoso",
      "mastery_init_level": 0.4302,
      "learn_rate": 0.0256,
      "slip": 0.0699,
      "guess": 0.1142,
      "logic_skill": 0.6875,
      "reading_skill": 0.7416,
      "tech_familiarity": 0.5054,
      "memory_capacity": 0.66,
      "learning_consistency": 0.9847
    },
    {
      "id": "student_0056",
      "profile_id": "careful",
      "profile_name": "Estudante Cuidadoso",
      "mastery_init_level": 0.4749,
      "learn_rate": 0.0225,
      "slip": 0.0899,
      "guess": 0.1097,
      "logic_skill": 0.681,
      "reading_skill": 0.7474,
      "tech_familiarity": 0.517,
      "memory_capacity": 0.6828,
      "learning_consistency": 1.0
    },
    {
      "id": "student_0057",
      "profile_id": "careful",
      "profile_name": "Estudante Cuidadoso",
      "mastery_init_level": 0.4994,
      "learn_rate": 0.0216,
      "slip": 0.0686,
      "guess": 0.0963,
      "logic_skill": 0.6559,
      "reading_skill": 0.8023,
      "tech_familiarity": 0.4476,
      "memory_capacity": 0.7198,
      "learning_consistency": 0.8678
    },
    {
      "id": "student_0058",
      "profile_id": "careful",
      "profile_name": "Estudante Cuidadoso",
      "mastery_init_level": 0.5134,
      "learn_rate": 0.0276,
      "slip": 0.0881,
      "guess": 0.0991,
      "logic_skill": 0.5847,
      "reading_skill": 0.6524,
      "tech_familiarity": 0.4335,
      "memory_capacity": 0.7766,
      "learning_consistency": 0.9845
    },
    {
      "id": "student_0059",
      "profile_id": "careful",
      "profile_name": "Estudante Cuidadoso",
      "mastery_init_level": 0.5175,
      "learn_rate": 0.0287,
      "slip": 0.0813,
      "guess": 0.1081,
      "logic_skill": 0.6801,
      "reading_skill": 0.7734,
      "tech_familiarity": 0.4621,
      "memory_capacity": 0.6896,
      "learning_consistency": 0.7999
    },
    {
      "id": "student_0060",
      "profile_id": "careful",
      "profile_name": "Estudante Cuidadoso",
      "mastery_init_level": 0.5113,
      "learn_rate": 0.0258,
      "slip": 0.0735,
      "guess": 0.1052,
      "logic_skill": 0.6213,
      "reading_skill": 0.6702,
      "tech_familiarity": 0.442,
      "memory_capacity": 0.736,
      "learning_consistency": 0.9055
    },
    {
      "id": "student_0061",
      "profile_id": "careful",
      "profile_name": "Estudante Cuidadoso",
      "mastery_init_level": 0.4868,
      "learn_rate": 0.0252,
      "slip": 0.0885,
      "guess": 0.1016,
      "logic_skill": 0.611,
      "reading_skill": 0.7791,
      "tech_familiarity": 0.4855,
      "memory_capacity": 0.6231,
      "learning_consistency": 0.7728
    },
    {
      "id": "student_0062",
      "profile_id": "careful",
      "profile_name": "Estudante Cuidadoso",
      "mastery_init_level": 0.4844,
      "learn_rate": 0.0259,
      "slip": 0.0849,
      "guess": 0.0914,
      "logic_skill": 0.5345,
      "reading_skill": 0.5981,
      "tech_familiarity": 0.4776,
      "memory_capacity": 0.7189,
      "learning_consistency": 0.8709
    },
    {
      "id": "student_0063",
      "profile_id": "careful",
      "profile_name": "Estudante Cuidadoso",
      "mastery_init_level": 0.4416,
      "learn_rate": 0.028,
      "slip": 0.0764,
      "guess": 0.1004,
      "logic_skill": 0.6511,
      "reading_skill": 0.6783,
      "tech_familiarity": 0.5183,
      "memory_capacity": 0.7761,
      "learning_consistency": 1.0
    },
    {
      "id": "student_0064",
      "profile_id": "careful",
      "profile_name": "Estudante Cuidadoso",
      "mastery_init_level": 0.4024,
      "learn_rate": 0.0282,
      "slip": 0.0798,
      "guess": 0.0927,
      "logic_skill": 0.5926,
      "reading_skill": 0.8008,
      "tech_familiarity": 0.4989,
      "memory_capacity": 0.664,
      "learning_consistency": 0.936
    },
    {
      "id": "student_0065",
      "profile_id": "careful",
      "profile_name": "Estudante Cuidadoso",
      "mastery_init_level": 0.4149,
      "learn_rate": 0.0218,
      "slip": 0.0711,
      "guess": 0.0888,
      "logic_skill": 0.5373,
      "reading_skill": 0.6242,
      "tech_familiarity": 0.5211,
      "memory_capacity": 0.6332,
      "learning_consistency": 0.8583
    },
    {
      "id": "student_0066",
      "profile_id": "careful",
      "profile_name": "Estudante Cuidadoso",
      "mastery_init_level": 0.5036,
      "learn_rate": 0.0248,
      "slip": 0.084,
      "guess": 0.0902,
      "logic_skill": 0.5446,
      "reading_skill": 0.6036,
      "tech_familiarity": 0.4503,
      "memory_capacity": 0.6535,
      "learning_consistency": 0.8128
    },
    {
      "id": "student_0067",
      "profile_id": "careful",
      "profile_name": "Estudante Cuidadoso",
      "mastery_init_level": 0.3945,
      "learn_rate": 0.0222,
      "slip": 0.0791,
      "guess": 0.0912,
      "logic_skill": 0.5756,
      "reading_skill": 0.7007,
      "tech_familiarity": 0.5286,
      "memory_capacity": 0.6033,
      "learning_consistency": 0.9808
    },
    {
      "id": "student_0068",
      "profile_id": "careful",
      "profile_name": "Estudante Cuidadoso",
      "mastery_init_level": 0.4673,
      "learn_rate": 0.0219,
      "slip": 0.089,
      "guess": 0.1126,
      "logic_skill": 0.521,
      "reading_skill": 0.6531,
      "tech_familiarity": 0.5459,
      "memory_capacity": 0.7521,
      "learning_consistency": 0.8148
    },
    {
      "id": "student_0069",
      "profile_id": "careful",
      "profile_name": "Estudante Cuidadoso",
      "mastery_init_level": 0.4108,
      "learn_rate": 0.024,
      "slip": 0.0796,
      "guess": 0.1035,
      "logic_skill": 0.5764,
      "reading_skill": 0.6921,
      "tech_familiarity": 0.5371,
      "memory_capacity": 0.6027,
      "learning_consistency": 0.8332
    },
    {
      "id": "student_0070",
      "profile_id": "struggling",
      "profile_name": "Estudante com Dificuldades",
      "mastery_init_level": 0.266,
      "learn_rate": 0.0168,
      "slip": 0.2509,
      "guess": 0.2019,
      "logic_skill": 0.2646,
      "reading_skill": 0.3445,
      "tech_familiarity": 0.202,
      "memory_capacity": 0.3691,
      "learning_consistency": 0.3723
    },
    {
      "id": "student_0071",
      "profile_id": "struggling",
      "profile_name": "Estudante com Dificuldades",
      "mastery_init_level": 0.2408,
      "learn_rate": 0.0128,
      "slip": 0.2367,
      "guess": 0.1827,
      "logic_skill": 0.2845,
      "reading_skill": 0.3101,
      "tech_familiarity": 0.2234,
      "memory_capacity": 0.4112,
      "learning_consistency": 0.4215
    },
    {
      "id": "student_0072",
      "profile_id": "struggling",
      "profile_name": "Estudante com Dificuldades",
      "mastery_init_level": 0.2717,
      "learn_rate": 0.015,
      "slip": 0.219,
      "guess": 0.2022,
      "logic_skill": 0.3078,
      "reading_skill": 0.3758,
      "tech_familiarity": 0.1959,
      "memory_capacity": 0.3553,
      "learning_consistency": 0.3741
    },
    {
      "id": "student_0073",
      "profile_id": "struggling",
      "profile_name": "Estudante com Dificuldades",
      "mastery_init_level": 0.2397,
      "learn_rate": 0.0157,
      "slip": 0.2553,
      "guess": 0.1914,
      "logic_skill": 0.3438,
      "reading_skill": 0.3611,
      "tech_familiarity": 0.1842,
      "memory_capacity": 0.3522,
      "learning_consistency": 0.3583
    },
    {
      "id": "student_0074",
      "profile_id": "struggling",
      "profile_name": "Estudante com Dificuldades",
      "mastery_init_level": 0.2309,
      "learn_rate": 0.0135,
      "slip": 0.2265,
      "guess": 0.1871,
      "logic_skill": 0.2706,
      "reading_skill": 0.3917,
      "tech_familiarity": 0.1748,
      "memory_capacity": 0.4029,
      "learning_consistency": 0.3892
    },
    {
      "id": "student_0075",
      "profile_id": "struggling",
      "profile_name": "Estudante com Dificuldades",
      "mastery_init_level": 0.2862,
      "learn_rate": 0.0133,
      "slip": 0.2423,
      "guess": 0.2282,
      "logic_skill": 0.3329,
      "reading_skill": 0.3833,
      "tech_familiarity": 0.1855,
      "memory_capacity": 0.3605,
      "learning_consistency": 0.4202
    },
    {
      "id": "student_0076",
      "profile_id": "struggling",
      "profile_name": "Estudante com Dificuldades",
      "mastery_init_level": 0.2822,
      "learn_rate": 0.0153,
      "slip": 0.2554,
      "guess": 0.1868,
      "logic_skill": 0.3243,
      "reading_skill": 0.3171,
      "tech_familiarity": 0.1894,
      "memory_capacity": 0.3911,
      "learning_consistency": 0.4009
    },
    {
      "id": "student_0077",
      "profile_id": "struggling",
      "profile_name": "Estudante com Dificuldades",
      "mastery_init_level": 0.2307,
      "learn_rate": 0.0133,
      "slip": 0.2583,
      "guess": 0.1873,
      "logic_skill": 0.3073,
      "reading_skill": 0.3137,
      "tech_familiarity": 0.1989,
      "memory_capacity": 0.4039,
      "learning_consistency": 0.3462
    },
    {
      "id": "student_0078",
      "profile_id": "struggling",
      "profile_name": "Estudante com Dificuldades",
      "mastery_init_level": 0.2377,
      "learn_rate": 0.0134,
      "slip": 0.2173,
      "guess": 0.2294,
      "logic_skill": 0.284,
      "reading_skill": 0.3825,
      "tech_familiarity": 0.1853,
      "memory_capacity": 0.4218,
      "learning_consistency": 0.4312
    },
    {
      "id": "student_0079",
      "profile_id": "struggling",
      "profile_name": "Estudante com Dificuldades",
      "mastery_init_level": 0.2572,
      "learn_rate": 0.0149,
      "slip": 0.2434,
      "guess": 0.1909,
      "logic_skill": 0.3387,
      "reading_skill": 0.3847,
      "tech_familiarity": 0.2279,
      "memory_capacity": 0.3549,
      "learning_consistency": 0.4277
    },
    {
      "id": "student_0080",
      "profile_id": "logical",
      "profile_name": "Pensador Lógico",
      "mastery_init_level": 0.5658,
      "learn_rate": 0.0362,
      "slip": 0.1044,
      "guess": 0.0858,
      "logic_skill": 0.869,
      "reading_skill": 0.3308,
      "tech_familiarity": 0.5352,
      "memory_capacity": 0.6531,
      "learning_consistency": 0.6829
    },
    {
      "id": "student_0081",
      "profile_id": "logical",
      "profile_name": "Pensador Lógico",
      "mastery_init_level": 0.4495,
      "learn_rate": 0.036,
      "slip": 0.1313,
      "guess": 0.084,
      "logic_skill": 0.8559,
      "reading_skill": 0.2873,
      "tech_familiarity": 0.6679,
      "memory_capacity": 0.5806,
      "learning_consistency": 0.8212
    },
    {
      "id": "student_0082",
      "profile_id": "logical",
      "profile_name": "Pensador Lógico",
      "mastery_init_level": 0.4909,
      "learn_rate": 0.0385,
      "slip": 0.1187,
      "guess": 0.0752,
      "logic_skill": 0.9131,
      "reading_skill": 0.3002,
      "tech_familiarity": 0.5518,
      "memory_capacity": 0.6719,
      "learning_consistency": 0.7239
    },
    {
      "id": "student_0083",
      "profile_id": "logical",
      "profile_name": "Pensador Lógico",
      "mastery_init_level": 0.5065,
      "learn_rate": 0.0449,
      "slip": 0.1245,
      "guess": 0.0708,
      "logic_skill": 0.9622,
      "reading_skill": 0.3115,
      "tech_familiarity": 0.5703,
      "memory_capacity": 0.5351,
      "learning_consistency": 0.8162
    },
    {
      "id": "student_0084",
      "profile_id": "logical",
      "profile_name": "Pensador Lógico",
      "mastery_init_level": 0.518,
      "learn_rate": 0.0404,
      "slip": 0.1342,
      "guess": 0.0869,
      "logic_skill": 0.7612,
      "reading_skill": 0.2831,
      "tech_familiarity": 0.5547,
      "memory_capacity": 0.6439,
      "learning_consistency": 0.645
    },
    {
      "id": "student_0085",
      "profile_id": "logical",
      "profile_name": "Pensador Lógico",
      "mastery_init_level": 0.5105,
      "learn_rate": 0.0431,
      "slip": 0.1336,
      "guess": 0.0762,
      "logic_skill": 0.9319,
      "reading_skill": 0.265,
      "tech_familiarity": 0.6624,
      "memory_capacity": 0.5329,
      "learning_consistency": 0.7269
    },
    {
      "id": "student_0086",
      "profile_id": "logical",
      "profile_name": "Pensador Lógico",
      "mastery_init_level": 0.5446,
      "learn_rate": 0.0358,
      "slip": 0.1103,
      "guess": 0.0853,
      "logic_skill": 0.9061,
      "reading_skill": 0.3127,
      "tech_familiarity": 0.6349,
      "memory_capacity": 0.6077,
      "learning_consistency": 0.6942
    },
    {
      "id": "student_0087",
      "profile_id": "logical",
      "profile_name": "Pensador Lógico",
      "mastery_init_level": 0.4769,
      "learn_rate": 0.0362,
      "slip": 0.1347,
      "guess": 0.082,
      "logic_skill": 0.8247,
      "reading_skill": 0.2966,
      "tech_familiarity": 0.6805,
      "memory_capacity": 0.5376,
      "learning_consistency": 0.7694
    },
    {
      "id": "student_0088",
      "profile_id": "logical",
      "profile_name": "Pensador Lógico",
      "mastery_init_level": 0.5009,
      "learn_rate": 0.0413,
      "slip": 0.1027,
      "guess": 0.0889,
      "logic_skill": 0.9602,
      "reading_skill": 0.3059,
      "tech_familiarity": 0.6354,
      "memory_capacity": 0.676,
      "learning_consistency": 0.7966
    },
    {
      "id": "student_0089",
      "profile_id": "logical",
      "profile_name": "Pensador Lógico",
      "mastery_init_level": 0.4479,
      "learn_rate": 0.0409,
      "slip": 0.1238,
      "guess": 0.0782,
      "logic_skill": 0.9103,
      "reading_skill": 0.3391,
      "tech_familiarity": 0.6766,
      "memory_capacity": 0.5912,
      "learning_consistency": 0.663
    },
    {
      "id": "student_0090",
      "profile_id": "intuitive",
      "profile_name": "Estudante Intuitivo",
      "mastery_init_level": 0.4582,
      "learn_rate": 0.0496,
      "slip": 0.142,
      "guess": 0.2027,
      "logic_skill": 0.3888,
      "reading_skill": 0.8045,
      "tech_familiarity": 0.4623,
      "memory_capacity": 0.6303,
      "learning_consistency": 0.5632
    },
    {
      "id": "student_0091",
      "profile_id": "intuitive",
      "profile_name": "Estudante Intuitivo",
      "mastery_init_level": 0.3802,
      "learn_rate": 0.0491,
      "slip": 0.1362,
      "guess": 0.171,
      "logic_skill": 0.3393,
      "reading_skill": 0.809,
      "tech_familiarity": 0.5067,
      "memory_capacity": 0.62,
      "learning_consistency": 0.6202
    },
    {
      "id": "student_0092",
      "profile_id": "intuitive",
      "profile_name": "Estudante Intuitivo",
      "mastery_init_level": 0.4285,
      "learn_rate": 0.0444,
      "slip": 0.1468,
      "guess": 0.1774,
      "logic_skill": 0.3123,
      "reading_skill": 0.7223,
      "tech_familiarity": 0.4498,
      "memory_capacity": 0.6342,
      "learning_consistency": 0.7309
    },
    {
      "id": "student_0093",
      "profile_id": "intuitive",
      "profile_name": "Estudante Intuitivo",
      "mastery_init_level": 0.3835,
      "learn_rate": 0.0461,
      "slip": 0.1663,
      "guess": 0.1537,
      "logic_skill": 0.3672,
      "reading_skill": 0.7227,
      "tech_familiarity": 0.5122,
      "memory_capacity": 0.5815,
      "learning_consistency": 0.6334
    },
    {
      "id": "student_0094",
      "profile_id": "intuitive",
      "profile_name": "Estudante Intuitivo",
      "mastery_init_level": 0.3502,
      "learn_rate": 0.0517,
      "slip": 0.1601,
      "guess": 0.1852,
      "logic_skill": 0.3045,
      "reading_skill": 0.86,
      "tech_familiarity": 0.4108,
      "memory_capacity": 0.7276,
      "learning_consistency": 0.5925
    },
    {
      "id": "student_0095",
      "profile_id": "intuitive",
      "profile_name": "Estudante Intuitivo",
      "mastery_init_level": 0.3629,
      "learn_rate": 0.0387,
      "slip": 0.1587,
      "guess": 0.1835,
      "logic_skill": 0.3044,
      "reading_skill": 0.8661,
      "tech_familiarity": 0.4437,
      "memory_capacity": 0.6548,
      "learning_consistency": 0.6384
    },
    {
      "id": "student_0096",
      "profile_id": "intuitive",
      "profile_name": "Estudante Intuitivo",
      "mastery_init_level": 0.3881,
      "learn_rate": 0.0458,
      "slip": 0.1435,
      "guess": 0.1628,
      "logic_skill": 0.388,
      "reading_skill": 0.9071,
      "tech_familiarity": 0.4329,
      "memory_capacity": 0.6053,
      "learning_consistency": 0.6781
    },
    {
      "id": "student_0097",
      "profile_id": "intuitive",
      "profile_name": "Estudante Intuitivo",
      "mastery_init_level": 0.389,
      "learn_rate": 0.0386,
      "slip": 0.1435,
      "guess": 0.1917,
      "logic_skill": 0.3667,
      "reading_skill": 0.6865,
      "tech_familiarity": 0.4125,
      "memory_capacity": 0.5976,
      "learning_consistency": 0.6835
    },
    {
      "id": "student_0098",
      "profile_id": "intuitive",
      "profile_name": "Estudante Intuitivo",
      "mastery_init_level": 0.3424,
      "learn_rate": 0.0397,
      "slip": 0.1744,
      "guess": 0.1626,
      "logic_skill": 0.366,
      "reading_skill": 0.7372,
      "tech_familiarity": 0.3959,
      "memory_capacity": 0.5999,
      "learning_consistency": 0.6933
    },
    {
      "id": "student_0099",
      "profile_id": "intuitive",
      "profile_name": "Estudante Intuitivo",
      "mastery_init_level": 0.4427,
      "learn_rate": 0.0495,
      "slip": 0.1551,
      "guess": 0.1891,
      "logic_skill": 0.319,
      "reading_skill": 0.7504,
      "tech_familiarity": 0.5035,
      "memory_capacity": 0.555,
      "learning_consistency": 0.5692
    }
  ]
}